crate	path	roots
aspen	.	src/lib.rs
aspen-auth	crates/aspen-auth	crates/aspen-auth/src/lib.rs
aspen-auth-core	crates/aspen-auth-core	crates/aspen-auth-core/src/lib.rs
aspen-automerge	crates/aspen-automerge	crates/aspen-automerge/src/lib.rs
aspen-blob	crates/aspen-blob	crates/aspen-blob/src/lib.rs
aspen-blob-handler	crates/aspen-blob-handler	crates/aspen-blob-handler/src/lib.rs
aspen-cache	crates/aspen-cache	crates/aspen-cache/src/lib.rs
aspen-calendar	crates/aspen-calendar	crates/aspen-calendar/src/lib.rs
aspen-castore	crates/aspen-castore	crates/aspen-castore/src/lib.rs
aspen-ci	crates/aspen-ci	crates/aspen-ci/src/lib.rs
aspen-ci-core	crates/aspen-ci-core	crates/aspen-ci-core/src/lib.rs
aspen-ci-executor-nix	crates/aspen-ci-executor-nix	crates/aspen-ci-executor-nix/src/lib.rs
aspen-ci-executor-shell	crates/aspen-ci-executor-shell	crates/aspen-ci-executor-shell/src/lib.rs
aspen-ci-executor-vm	crates/aspen-ci-executor-vm	crates/aspen-ci-executor-vm/src/lib.rs
aspen-ci-handler	crates/aspen-ci-handler	crates/aspen-ci-handler/src/lib.rs
aspen-cli	crates/aspen-cli	
aspen-client	crates/aspen-client	crates/aspen-client/src/lib.rs
aspen-client-api	crates/aspen-client-api	crates/aspen-client-api/src/lib.rs
aspen-cluster	crates/aspen-cluster	crates/aspen-cluster/src/lib.rs
aspen-cluster-bridges	crates/aspen-cluster-bridges	crates/aspen-cluster-bridges/src/lib.rs
aspen-cluster-handler	crates/aspen-cluster-handler	crates/aspen-cluster-handler/src/lib.rs
aspen-cluster-types	crates/aspen-cluster-types	crates/aspen-cluster-types/src/lib.rs
aspen-commit-dag	crates/aspen-commit-dag	crates/aspen-commit-dag/src/lib.rs
aspen-constants	crates/aspen-constants	crates/aspen-constants/src/lib.rs
aspen-contacts	crates/aspen-contacts	crates/aspen-contacts/src/lib.rs
aspen-coordination	crates/aspen-coordination	crates/aspen-coordination/src/lib.rs
aspen-coordination-protocol	crates/aspen-coordination-protocol	crates/aspen-coordination-protocol/src/lib.rs
aspen-core	crates/aspen-core	crates/aspen-core/src/lib.rs
aspen-core-essentials-handler	crates/aspen-core-essentials-handler	crates/aspen-core-essentials-handler/src/lib.rs
aspen-core-no-std-smoke	crates/aspen-core-no-std-smoke	crates/aspen-core-no-std-smoke/src/lib.rs
aspen-core-shell	crates/aspen-core-shell	crates/aspen-core-shell/src/lib.rs
aspen-crypto	crates/aspen-crypto	crates/aspen-crypto/src/lib.rs
aspen-dag	crates/aspen-dag	crates/aspen-dag/src/lib.rs
aspen-deploy	crates/aspen-deploy	crates/aspen-deploy/src/lib.rs
aspen-dht-discovery	crates/aspen-dht-discovery	crates/aspen-dht-discovery/src/lib.rs
aspen-disk	crates/aspen-disk	crates/aspen-disk/src/lib.rs
aspen-docs	crates/aspen-docs	crates/aspen-docs/src/lib.rs
aspen-docs-handler	crates/aspen-docs-handler	crates/aspen-docs-handler/src/lib.rs
aspen-dogfood	crates/aspen-dogfood	crates/aspen-dogfood/src/main.rs
aspen-durable-workflow-test	crates/aspen-durable-workflow-test	crates/aspen-durable-workflow-test/src/main.rs
aspen-exec-cache	crates/aspen-exec-cache	crates/aspen-exec-cache/src/lib.rs
aspen-federation	crates/aspen-federation	crates/aspen-federation/src/lib.rs
aspen-forge	crates/aspen-forge	crates/aspen-forge/src/lib.rs
aspen-forge-handler	crates/aspen-forge-handler	crates/aspen-forge-handler/src/lib.rs
aspen-forge-protocol	crates/aspen-forge-protocol	crates/aspen-forge-protocol/src/lib.rs
aspen-forge-web	crates/aspen-forge-web	crates/aspen-forge-web/src/lib.rs;crates/aspen-forge-web/src/main.rs
aspen-fuse	crates/aspen-fuse	crates/aspen-fuse/src/lib.rs;crates/aspen-fuse/src/main.rs
aspen-h3-proxy	crates/aspen-h3-proxy	crates/aspen-h3-proxy/src/lib.rs;crates/aspen-h3-proxy/src/main.rs
aspen-hlc	crates/aspen-hlc	crates/aspen-hlc/src/lib.rs
aspen-hooks	crates/aspen-hooks	crates/aspen-hooks/src/lib.rs
aspen-hooks-ticket	crates/aspen-hooks-ticket	crates/aspen-hooks-ticket/src/lib.rs
aspen-hooks-types	crates/aspen-hooks-types	crates/aspen-hooks-types/src/lib.rs
aspen-job-handler	crates/aspen-job-handler	crates/aspen-job-handler/src/lib.rs
aspen-job-primitives-test	crates/aspen-job-primitives-test	crates/aspen-job-primitives-test/src/main.rs
aspen-jobs	crates/aspen-jobs	crates/aspen-jobs/src/lib.rs
aspen-jobs-guest	crates/aspen-jobs-guest	crates/aspen-jobs-guest/src/lib.rs
aspen-jobs-protocol	crates/aspen-jobs-protocol	crates/aspen-jobs-protocol/src/lib.rs
aspen-jobs-worker-blob	crates/aspen-jobs-worker-blob	crates/aspen-jobs-worker-blob/src/lib.rs
aspen-jobs-worker-maintenance	crates/aspen-jobs-worker-maintenance	crates/aspen-jobs-worker-maintenance/src/lib.rs
aspen-jobs-worker-replication	crates/aspen-jobs-worker-replication	crates/aspen-jobs-worker-replication/src/lib.rs
aspen-jobs-worker-shell	crates/aspen-jobs-worker-shell	crates/aspen-jobs-worker-shell/src/lib.rs
aspen-jobs-worker-sql	crates/aspen-jobs-worker-sql	crates/aspen-jobs-worker-sql/src/lib.rs
aspen-kv-branch	crates/aspen-kv-branch	crates/aspen-kv-branch/src/lib.rs
aspen-kv-types	crates/aspen-kv-types	crates/aspen-kv-types/src/lib.rs
aspen-layer	crates/aspen-layer	crates/aspen-layer/src/lib.rs
aspen-net	crates/aspen-net	crates/aspen-net/src/lib.rs
aspen-nickel	crates/aspen-nickel	crates/aspen-nickel/src/lib.rs
aspen-nix-cache-gateway	crates/aspen-nix-cache-gateway	crates/aspen-nix-cache-gateway/src/main.rs
aspen-nix-handler	crates/aspen-nix-handler	crates/aspen-nix-handler/src/lib.rs
aspen-nostr-relay	crates/aspen-nostr-relay	crates/aspen-nostr-relay/src/lib.rs
aspen-plugin-api	crates/aspen-plugin-api	crates/aspen-plugin-api/src/lib.rs
aspen-proxy	crates/aspen-proxy	crates/aspen-proxy/src/lib.rs
aspen-raft	crates/aspen-raft	crates/aspen-raft/src/lib.rs
aspen-raft-network	crates/aspen-raft-network	crates/aspen-raft-network/src/lib.rs
aspen-raft-types	crates/aspen-raft-types	crates/aspen-raft-types/src/lib.rs
aspen-redb-storage	crates/aspen-redb-storage	crates/aspen-redb-storage/src/lib.rs
aspen-rpc-core	crates/aspen-rpc-core	crates/aspen-rpc-core/src/lib.rs
aspen-rpc-handlers	crates/aspen-rpc-handlers	crates/aspen-rpc-handlers/src/lib.rs
aspen-secrets	crates/aspen-secrets	crates/aspen-secrets/src/lib.rs
aspen-secrets-handler	crates/aspen-secrets-handler	crates/aspen-secrets-handler/src/lib.rs
aspen-sharding	crates/aspen-sharding	crates/aspen-sharding/src/lib.rs
aspen-snix	crates/aspen-snix	crates/aspen-snix/src/lib.rs
aspen-snix-bridge	crates/aspen-snix-bridge	crates/aspen-snix-bridge/src/lib.rs;crates/aspen-snix-bridge/src/main.rs
aspen-sops	crates/aspen-sops	crates/aspen-sops/src/lib.rs;crates/aspen-sops/src/main.rs
aspen-sops-install-secrets	crates/aspen-sops-install-secrets	crates/aspen-sops-install-secrets/src/main.rs
aspen-sql	crates/aspen-sql	crates/aspen-sql/src/lib.rs
aspen-storage-types	crates/aspen-storage-types	crates/aspen-storage-types/src/lib.rs
aspen-testing	crates/aspen-testing	crates/aspen-testing/src/lib.rs
aspen-testing-core	crates/aspen-testing-core	crates/aspen-testing-core/src/lib.rs
aspen-testing-fixtures	crates/aspen-testing-fixtures	crates/aspen-testing-fixtures/src/lib.rs
aspen-testing-madsim	crates/aspen-testing-madsim	crates/aspen-testing-madsim/src/lib.rs
aspen-testing-network	crates/aspen-testing-network	crates/aspen-testing-network/src/lib.rs
aspen-testing-patchbay	crates/aspen-testing-patchbay	crates/aspen-testing-patchbay/src/lib.rs
aspen-ticket	crates/aspen-ticket	crates/aspen-ticket/src/lib.rs
aspen-time	crates/aspen-time	crates/aspen-time/src/lib.rs
aspen-traits	crates/aspen-traits	crates/aspen-traits/src/lib.rs
aspen-transport	crates/aspen-transport	crates/aspen-transport/src/lib.rs
aspen-trust	crates/aspen-trust	crates/aspen-trust/src/lib.rs
aspen-tui	crates/aspen-tui	crates/aspen-tui/src/main.rs
